{"cameraMode":{"drawMode":0,"name":"Shaded","section":"Shading Mode"},"sceneLighting":true,"audioPlay":false,"sceneViewState":{"showFog":true,"showMaterialUpdate":false,"showSkybox":true,"showFlares":true,"showImageEffects":true,"showParticleSystems":true,"showVisualEffectGraphs":true,"m_FxEnabled":true},"in2DMode":false,"pivot":{"x":-9.97763729095459,"y":2.0439987182617189,"z":43.942970275878909},"rotation":{"x":0.15298813581466676,"y":-0.062214501202106479,"z":0.009650949388742447,"w":0.9862257838249207},"size":58.260223388671878,"orthographic":false}