{"cameraMode":{"drawMode":0,"name":"Shaded","section":"Shading Mode"},"sceneLighting":false,"audioPlay":false,"sceneViewState":{"showFog":true,"showMaterialUpdate":false,"showSkybox":false,"showFlares":true,"showImageEffects":true,"showParticleSystems":true},"in2DMode":false,"pivot":{"x":-0.6615318059921265,"y":-14.043182373046875,"z":59.8646354675293},"rotation":{"x":-0.16558825969696046,"y":0.041231732815504077,"z":-0.006929178722202778,"w":-0.9853172302246094},"size":41.151729583740237,"orthographic":false}