{"cameraMode":{"drawMode":0,"name":"Shaded","section":"Shading Mode"},"sceneLighting":false,"audioPlay":false,"sceneViewState":{"showFog":true,"showMaterialUpdate":false,"showSkybox":false,"showFlares":true,"showImageEffects":true,"showParticleSystems":true},"in2DMode":false,"pivot":{"x":-2.5186853408813478,"y":3.89691162109375,"z":70.9637451171875},"rotation":{"x":0.621772825717926,"y":-0.024658938869833947,"z":0.01959233544766903,"w":0.7825645208358765},"size":39.13029479980469,"orthographic":false}