{"cameraMode":{"drawMode":0,"name":"Shaded","section":"Shading Mode"},"sceneLighting":false,"audioPlay":false,"sceneViewState":{"showFog":true,"showMaterialUpdate":false,"showSkybox":false,"showFlares":true,"showImageEffects":true,"showParticleSystems":true},"in2DMode":false,"pivot":{"x":-91.08146667480469,"y":-62.93503952026367,"z":3.783693313598633},"rotation":{"x":0.4181913435459137,"y":0.16072554886341096,"z":-0.0754501149058342,"w":0.8908399939537048},"size":248.63894653320313,"orthographic":true}