{"cameraMode":{"drawMode":0,"name":"Shaded","section":"Shading Mode"},"sceneLighting":false,"audioPlay":false,"sceneViewState":{"showFog":true,"showMaterialUpdate":false,"showSkybox":false,"showFlares":true,"showImageEffects":true,"showParticleSystems":true},"in2DMode":false,"pivot":{"x":3.2226474285125734,"y":8.37990665435791,"z":-13.776077270507813},"rotation":{"x":-0.002769181039184332,"y":0.9896759986877441,"z":-0.1419912725687027,"w":-0.019301138818264009},"size":0.9000168442726135,"orthographic":false}