{"cameraMode":{"drawMode":0,"name":"Shaded","section":"Shading Mode"},"sceneLighting":false,"audioPlay":false,"sceneViewState":{"showFog":true,"showMaterialUpdate":false,"showSkybox":false,"showFlares":true,"showImageEffects":true,"showParticleSystems":true},"in2DMode":false,"pivot":{"x":12.19808578491211,"y":0.0,"z":287.97601318359377},"rotation":{"x":0.5441641807556152,"y":0.003775389166548848,"z":-0.0024487399496138098,"w":0.8389683365821838},"size":314.62689208984377,"orthographic":true}