{"cameraMode":{"drawMode":0,"name":"Shaded","section":"Shading Mode"},"sceneLighting":false,"audioPlay":false,"sceneViewState":{"showFog":true,"showMaterialUpdate":false,"showSkybox":false,"showFlares":true,"showImageEffects":true,"showParticleSystems":true},"in2DMode":false,"pivot":{"x":0.8769205808639526,"y":-0.7061729431152344,"z":-1.868903398513794},"rotation":{"x":0.7903915643692017,"y":0.041161779314279559,"z":-0.05343260243535042,"w":0.6088778376579285},"size":3.1211798191070558,"orthographic":false}