{"cameraMode":{"drawMode":0,"name":"Shaded","section":"Shading Mode"},"sceneLighting":false,"audioPlay":false,"sceneViewState":{"showFog":true,"showMaterialUpdate":false,"showSkybox":false,"showFlares":true,"showImageEffects":true,"showParticleSystems":true},"in2DMode":false,"pivot":{"x":-6.499573707580566,"y":8.041289329528809,"z":63.89275360107422},"rotation":{"x":0.2627784013748169,"y":-0.003377704182639718,"z":0.0009168657707050443,"w":0.9648661613464356},"size":14.069554328918457,"orthographic":true}