{"cameraMode":{"drawMode":0,"name":"Shaded","section":"Shading Mode"},"sceneLighting":false,"audioPlay":false,"sceneViewState":{"showFog":true,"showMaterialUpdate":false,"showSkybox":false,"showFlares":true,"showImageEffects":true,"showParticleSystems":true},"in2DMode":false,"pivot":{"x":92.01333618164063,"y":-18.517812728881837,"z":208.2913818359375},"rotation":{"x":-0.23483937978744508,"y":-0.1205928847193718,"z":0.029327653348445894,"w":-0.9642133116722107},"size":108.10984802246094,"orthographic":false}