{"cameraMode":{"drawMode":0,"name":"Shaded","section":"Shading Mode"},"sceneLighting":false,"audioPlay":false,"sceneViewState":{"showFog":true,"showMaterialUpdate":false,"showSkybox":false,"showFlares":true,"showImageEffects":true,"showParticleSystems":true},"in2DMode":false,"pivot":{"x":-4.500589370727539,"y":-20.23257064819336,"z":7.22437858581543},"rotation":{"x":-0.622543215751648,"y":0.005629588384181261,"z":-0.004479575902223587,"w":-0.7825654745101929},"size":10.990073204040528,"orthographic":true}