{"cameraMode":{"drawMode":0,"name":"Shaded","section":"Shading Mode"},"sceneLighting":false,"audioPlay":false,"sceneViewState":{"showFog":true,"showMaterialUpdate":false,"showSkybox":false,"showFlares":true,"showImageEffects":true,"showParticleSystems":true},"in2DMode":false,"pivot":{"x":0.06468644738197327,"y":0.020211219787597657,"z":0.2540493607521057},"rotation":{"x":0.7943747639656067,"y":0.022745786234736444,"z":-0.02980302833020687,"w":0.6062698364257813},"size":3.3000171184539797,"orthographic":false}