{"cameraMode":{"drawMode":0,"name":"Shaded","section":"Shading Mode"},"sceneLighting":false,"audioPlay":false,"sceneViewState":{"showFog":true,"showMaterialUpdate":false,"showSkybox":false,"showFlares":true,"showImageEffects":true,"showParticleSystems":true},"in2DMode":false,"pivot":{"x":0.5200623869895935,"y":0.9254484176635742,"z":-4.241089344024658},"rotation":{"x":0.6718008518218994,"y":0.05207124724984169,"z":-0.04744058847427368,"w":0.7373750805854797},"size":4.920826435089111,"orthographic":false}