{"cameraMode":{"drawMode":0,"name":"Shaded","section":"Shading Mode"},"sceneLighting":false,"audioPlay":false,"sceneViewState":{"showFog":true,"showMaterialUpdate":false,"showSkybox":false,"showFlares":true,"showImageEffects":true,"showParticleSystems":true},"in2DMode":false,"pivot":{"x":-2.614711284637451,"y":-3.9112956523895265,"z":-8.592550277709961},"rotation":{"x":-0.6325721740722656,"y":-0.055854056030511859,"z":0.04582003876566887,"w":-0.771142303943634},"size":8.782013893127442,"orthographic":true}