{"cameraMode":{"drawMode":0,"name":"Shaded","section":"Shading Mode"},"sceneLighting":false,"audioPlay":false,"sceneViewState":{"showFog":true,"showMaterialUpdate":false,"showSkybox":false,"showFlares":true,"showImageEffects":true,"showParticleSystems":true},"in2DMode":false,"pivot":{"x":0.22927293181419373,"y":25.044294357299806,"z":111.51651000976563},"rotation":{"x":0.0008411441231146455,"y":0.9364231824874878,"z":-0.35086944699287417,"w":0.0022461526095867159},"size":17.42839813232422,"orthographic":true}