{"cameraMode":{"drawMode":0,"name":"Shaded","section":"Shading Mode"},"sceneLighting":false,"audioPlay":false,"sceneViewState":{"showFog":true,"showMaterialUpdate":false,"showSkybox":false,"showFlares":true,"showImageEffects":true,"showParticleSystems":true},"in2DMode":false,"pivot":{"x":16.221546173095704,"y":-32.41358947753906,"z":232.59756469726563},"rotation":{"x":0.5715129971504211,"y":-0.00984654389321804,"z":0.006858482491225004,"w":0.8205059170722961},"size":582.3631591796875,"orthographic":true}